strategy_id,strategy_code,strategy,description,transformation_specification
0,BASE,Strategy TX:BASE,,TX:BASE
1000,AGRC:DEC_CH4_RICE,Singleton - Default Value - AGRC: Improve rice management,,TX:AGRC:DEC_CH4_RICE
1001,AGRC:DEC_EXPORTS,Singleton - Default Value - AGRC: Decrease Exports,,TX:AGRC:DEC_EXPORTS
1002,AGRC:DEC_LOSSES_SUPPLY_CHAIN,Singleton - Default Value - AGRC: Reduce supply chain losses,,TX:AGRC:DEC_LOSSES_SUPPLY_CHAIN
1003,AGRC:INC_CONSERVATION_AGRICULTURE,Singleton - Default Value - AGRC: Expand conservation agriculture,,TX:AGRC:INC_CONSERVATION_AGRICULTURE
1004,AGRC:INC_PRODUCTIVITY,Singleton - Default Value - AGRC: Improve crop productivity,,TX:AGRC:INC_PRODUCTIVITY
1005,LNDU:BOUND_CLASSES,Singleton - Default Value - LNDU: Bound Classes,,TX:LNDU:BOUND_CLASSES
1006,LNDU:DEC_CLASS_LOSS,Singleton - Default Value - LNDU: Decrease loss of land use classes,,TX:LNDU:DEC_CLASS_LOSS
1007,LNDU:DEC_DEFORESTATION,Singleton - Default Value - LNDU: Stop deforestation,,TX:LNDU:DEC_DEFORESTATION
1008,LNDU:DEC_SOC_LOSS_PASTURES,Singleton - Default Value - LNDU: Expand sustainable grazing practices,,TX:LNDU:DEC_SOC_LOSS_PASTURES
1009,LNDU:INC_REFORESTATION,Singleton - Default Value - LNDU: Increase Reforestation,,TX:LNDU:INC_REFORESTATION
1010,LNDU:INC_SILVOPASTURE,Singleton - Default Value - LNDU: Expand silvopasture,,TX:LNDU:INC_SILVOPASTURE
1011,LNDU:PLUR,Singleton - Default Value - LNDU: Partial land use reallocation,,TX:LNDU:PLUR
1012,LSMM:INC_CAPTURE_BIOGAS,Singleton - Default Value - LSMM: Increase biogas capture at anaerobic decomposition facilities,,TX:LSMM:INC_CAPTURE_BIOGAS
1013,LSMM:INC_MANAGEMENT_CATTLE_PIGS,Singleton - Default Value - LSMM: Improve manure management for cattle and pigs,,TX:LSMM:INC_MANAGEMENT_CATTLE_PIGS
1014,LSMM:INC_MANAGEMENT_OTHER,Singleton - Default Value - LSMM: Improve manure management for other animals,,TX:LSMM:INC_MANAGEMENT_OTHER
1015,LSMM:INC_MANAGEMENT_POULTRY,Singleton - Default Value - LSMM: Improve manure management for poultry,,TX:LSMM:INC_MANAGEMENT_POULTRY
1016,LVST:DEC_ENTERIC_FERMENTATION,Singleton - Default Value - LVST: Reduce enteric fermentation,,TX:LVST:DEC_ENTERIC_FERMENTATION
1017,LVST:DEC_EXPORTS,Singleton - Default Value - LVST: Decrease exports,,TX:LVST:DEC_EXPORTS
1018,LVST:INC_PRODUCTIVITY,Singleton - Default Value - LVST: Increase livestock productivity,,TX:LVST:INC_PRODUCTIVITY
1019,SOIL:DEC_LIME_APPLIED,Singleton - Default Value - SOIL: Improve lime application,,TX:SOIL:DEC_LIME_APPLIED
1020,SOIL:DEC_N_APPLIED,Singleton - Default Value - SOIL: Improve fertilizer application,,TX:SOIL:DEC_N_APPLIED
1021,AF:ALL,Sectoral Composite - AFOLU,All (unique by transformer) AFOLU transformations,TX:AGRC:DEC_CH4_RICE|TX:AGRC:DEC_EXPORTS|TX:AGRC:DEC_LOSSES_SUPPLY_CHAIN|TX:AGRC:INC_CONSERVATION_AGRICULTURE|TX:AGRC:INC_PRODUCTIVITY|TX:LNDU:BOUND_CLASSES|TX:LNDU:DEC_CLASS_LOSS|TX:LNDU:DEC_DEFORESTATION|TX:LNDU:DEC_SOC_LOSS_PASTURES|TX:LNDU:INC_REFORESTATION|TX:LNDU:INC_SILVOPASTURE|TX:LNDU:PLUR|TX:LSMM:INC_CAPTURE_BIOGAS|TX:LSMM:INC_MANAGEMENT_CATTLE_PIGS|TX:LSMM:INC_MANAGEMENT_OTHER|TX:LSMM:INC_MANAGEMENT_POULTRY|TX:LVST:DEC_ENTERIC_FERMENTATION|TX:LVST:DEC_EXPORTS|TX:LVST:INC_PRODUCTIVITY|TX:SOIL:DEC_LIME_APPLIED|TX:SOIL:DEC_N_APPLIED
2000,TRWW:INC_CAPTURE_BIOGAS,Singleton - Default Value - TRWW: Increase biogas capture,,TX:TRWW:INC_CAPTURE_BIOGAS
2001,TRWW:INC_COMPLIANCE_SEPTIC,Singleton - Default Value - TRWW: Increase septic compliance,,TX:TRWW:INC_COMPLIANCE_SEPTIC
2002,WALI:INC_TREATMENT_INDUSTRIAL,Singleton - Default Value - WALI: Improved industrial wastewater treatment,,TX:WALI:INC_TREATMENT_INDUSTRIAL
2003,WALI:INC_TREATMENT_RURAL,Singleton - Default Value - WALI: Improved rural wastewater treatment,,TX:WALI:INC_TREATMENT_RURAL
2004,WALI:INC_TREATMENT_URBAN,Singleton - Default Value - WALI: Improved urban wastewater treatment,,TX:WALI:INC_TREATMENT_URBAN
2005,WASO:DEC_CONSUMER_FOOD_WASTE,Singleton - Default Value - WASO: Consumer food waste reduction,,TX:WASO:DEC_CONSUMER_FOOD_WASTE
2006,WASO:INC_ANAEROBIC_AND_COMPOST,Singleton - Default Value - WASO: Increase composting and biogas,,TX:WASO:INC_ANAEROBIC_AND_COMPOST
2007,WASO:INC_CAPTURE_BIOGAS,Singleton - Default Value - WASO: Increase biogas capture,,TX:WASO:INC_CAPTURE_BIOGAS
2008,WASO:INC_ENERGY_FROM_BIOGAS,Singleton - Default Value - WASO: Biogas for energy production,,TX:WASO:INC_ENERGY_FROM_BIOGAS
2009,WASO:INC_ENERGY_FROM_INCINERATION,Singleton - Default Value - WASO: Incineration for energy production,,TX:WASO:INC_ENERGY_FROM_INCINERATION
2010,WASO:INC_LANDFILLING,Singleton - Default Value - WASO: Increase landfilling,,TX:WASO:INC_LANDFILLING
2011,WASO:INC_RECYCLING,Singleton - Default Value - WASO: Increase recycling,,TX:WASO:INC_RECYCLING
2012,CE:ALL,Sectoral Composite - Circular Economy,All (unique by transformer) Circular Economy transformations,TX:TRWW:INC_CAPTURE_BIOGAS|TX:TRWW:INC_COMPLIANCE_SEPTIC|TX:WALI:INC_TREATMENT_INDUSTRIAL|TX:WALI:INC_TREATMENT_RURAL|TX:WALI:INC_TREATMENT_URBAN|TX:WASO:DEC_CONSUMER_FOOD_WASTE|TX:WASO:INC_ANAEROBIC_AND_COMPOST|TX:WASO:INC_CAPTURE_BIOGAS|TX:WASO:INC_ENERGY_FROM_BIOGAS|TX:WASO:INC_ENERGY_FROM_INCINERATION|TX:WASO:INC_LANDFILLING|TX:WASO:INC_RECYCLING
3000,CCSQ:INC_CAPTURE,Singleton - Default Value - CCSQ: Increase direct air capture,,TX:CCSQ:INC_CAPTURE
3001,ENFU:ADJ_EXPORTS,Singleton - Default Value - ENFU: Adjust Exports,,TX:ENFU:ADJ_EXPORTS
3002,ENTC:DEC_LOSSES,Singleton - Default Value - ENTC: Reduce transmission losses,,TX:ENTC:DEC_LOSSES
3003,ENTC:LEAST_COST_SOLUTION,Singleton - Default Value - ENTC: Least cost solution,,TX:ENTC:LEAST_COST_SOLUTION
3004,ENTC:TARGET_CLEAN_HYDROGEN,Singleton - Default Value - ENTC: Clean hydrogen,,TX:ENTC:TARGET_CLEAN_HYDROGEN
3005,ENTC:TARGET_RENEWABLE_ELEC,Singleton - Default Value - ENTC: 95% of electricity is generated by renewables in final time period,,TX:ENTC:TARGET_RENEWABLE_ELEC
3006,FGTV:DEC_LEAKS,Singleton - Default Value - FGTV: Minimize leaks,,TX:FGTV:DEC_LEAKS
3007,FGTV:INC_FLARE,Singleton - Default Value - FGTV: Maximize flaring,,TX:FGTV:INC_FLARE
3008,INEN:INC_EFFICIENCY_ENERGY,Singleton - Default Value - INEN: Maximize industrial energy efficiency,,TX:INEN:INC_EFFICIENCY_ENERGY
3009,INEN:INC_EFFICIENCY_PRODUCTION,Singleton - Default Value - INEN: Maximize industrial production efficiency,,TX:INEN:INC_EFFICIENCY_PRODUCTION
3010,INEN:SHIFT_FUEL_HEAT,Singleton - Default Value - INEN: Fuel switch high- and low-temp thermal processes,,TX:INEN:SHIFT_FUEL_HEAT
3011,SCOE:DEC_DEMAND_HEAT,Singleton - Default Value - SCOE: Reduce end-use demand for heat energy by improving building shell,,TX:SCOE:DEC_DEMAND_HEAT
3012,SCOE:INC_EFFICIENCY_APPLIANCE,Singleton - Default Value - SCOE: Increase appliance efficiency,,TX:SCOE:INC_EFFICIENCY_APPLIANCE
3013,SCOE:SHIFT_FUEL_HEAT,"Singleton - Default Value - SCOE: Switch to electricity for heat using heat pumps, electric stoves, etc.",,TX:SCOE:SHIFT_FUEL_HEAT
3014,TRDE:DEC_DEMAND,Singleton - Default Value - TRDE: Reduce demand for transport,,TX:TRDE:DEC_DEMAND
3015,TRNS:INC_EFFICIENCY_ELECTRIC,Singleton - Default Value - TRNS: Increase electric transportation energy efficiency,,TX:TRNS:INC_EFFICIENCY_ELECTRIC
3016,TRNS:INC_EFFICIENCY_NON_ELECTRIC,Singleton - Default Value - TRNS: Increase non-electric transportation energy efficiency,,TX:TRNS:INC_EFFICIENCY_NON_ELECTRIC
3017,TRNS:INC_OCCUPANCY_LIGHT_DUTY,Singleton - Default Value - TRNS: Increase occupancy for private vehicles,,TX:TRNS:INC_OCCUPANCY_LIGHT_DUTY
3018,TRNS:SHIFT_FUEL_LIGHT_DUTY,Singleton - Default Value - TRNS: Electrify light duty road transport,,TX:TRNS:SHIFT_FUEL_LIGHT_DUTY
3019,TRNS:SHIFT_FUEL_MARITIME,Singleton - Default Value - TRNS: Fuel switch maritime,,TX:TRNS:SHIFT_FUEL_MARITIME
3020,TRNS:SHIFT_FUEL_MEDIUM_DUTY,Singleton - Default Value - TRNS: Fuel switch medium duty road transport,,TX:TRNS:SHIFT_FUEL_MEDIUM_DUTY
3021,TRNS:SHIFT_FUEL_RAIL,Singleton - Default Value - TRNS: Electrify rail,,TX:TRNS:SHIFT_FUEL_RAIL
3022,TRNS:SHIFT_MODE_FREIGHT,Singleton - Default Value - TRNS: Mode shift freight,,TX:TRNS:SHIFT_MODE_FREIGHT
3023,TRNS:SHIFT_MODE_PASSENGER,Singleton - Default Value - TRNS: Mode shift passenger vehicles to others,,TX:TRNS:SHIFT_MODE_PASSENGER
3024,TRNS:SHIFT_MODE_REGIONAL,Singleton - Default Value - TRNS: Mode shift regional passenger travel,,TX:TRNS:SHIFT_MODE_REGIONAL
3025,EN:ALL,Sectoral Composite - Energy,All (unique by transformer) Energy transformations,TX:CCSQ:INC_CAPTURE|TX:ENFU:ADJ_EXPORTS|TX:ENTC:DEC_LOSSES|TX:ENTC:LEAST_COST_SOLUTION|TX:ENTC:TARGET_CLEAN_HYDROGEN|TX:ENTC:TARGET_RENEWABLE_ELEC|TX:FGTV:DEC_LEAKS|TX:FGTV:INC_FLARE|TX:INEN:INC_EFFICIENCY_ENERGY|TX:INEN:INC_EFFICIENCY_PRODUCTION|TX:INEN:SHIFT_FUEL_HEAT|TX:SCOE:DEC_DEMAND_HEAT|TX:SCOE:INC_EFFICIENCY_APPLIANCE|TX:SCOE:SHIFT_FUEL_HEAT|TX:TRDE:DEC_DEMAND|TX:TRNS:INC_EFFICIENCY_ELECTRIC|TX:TRNS:INC_EFFICIENCY_NON_ELECTRIC|TX:TRNS:INC_OCCUPANCY_LIGHT_DUTY|TX:TRNS:SHIFT_FUEL_LIGHT_DUTY|TX:TRNS:SHIFT_FUEL_MARITIME|TX:TRNS:SHIFT_FUEL_MEDIUM_DUTY|TX:TRNS:SHIFT_FUEL_RAIL|TX:TRNS:SHIFT_MODE_FREIGHT|TX:TRNS:SHIFT_MODE_PASSENGER|TX:TRNS:SHIFT_MODE_REGIONAL
4000,IPPU:DEC_CLINKER,Singleton - Default Value - IPPU: Reduce cement clinker,,TX:IPPU:DEC_CLINKER
4001,IPPU:DEC_DEMAND,Singleton - Default Value - IPPU: Demand management,,TX:IPPU:DEC_DEMAND
4002,IPPU:DEC_HFCS,Singleton - Default Value - IPPU: Reduce use of HFCs,,TX:IPPU:DEC_HFCS
4003,IPPU:DEC_N2O,Singleton - Default Value - IPPU: Reduce Nitrous Oxide emissions,,TX:IPPU:DEC_N2O
4004,IPPU:DEC_OTHER_FCS,Singleton - Default Value - IPPU: Reduce other fluorinated compounds,,TX:IPPU:DEC_OTHER_FCS
4005,IPPU:DEC_PFCS,Singleton - Default Value - IPPU: Reduce use of PFCs,,TX:IPPU:DEC_PFCS
4006,IP:ALL,Sectoral Composite - IPPU,All (unique by transformer) IPPU transformations,TX:IPPU:DEC_CLINKER|TX:IPPU:DEC_DEMAND|TX:IPPU:DEC_HFCS|TX:IPPU:DEC_N2O|TX:IPPU:DEC_OTHER_FCS|TX:IPPU:DEC_PFCS
6000,PFLO:INC_HEALTHIER_DIETS,Singleton - Default Value - PFLO: Change diets,,TX:PFLO:INC_HEALTHIER_DIETS
6001,PFLO:INC_IND_CCS,Singleton - Default Value - PFLO: Industrial carbon capture and sequestration,,TX:PFLO:INC_IND_CCS
6002,PFLO:ALL,All Actions,All actions (unique by transformer),TX:AGRC:DEC_CH4_RICE|TX:AGRC:DEC_EXPORTS|TX:AGRC:DEC_LOSSES_SUPPLY_CHAIN|TX:AGRC:INC_CONSERVATION_AGRICULTURE|TX:AGRC:INC_PRODUCTIVITY|TX:CCSQ:INC_CAPTURE|TX:ENFU:ADJ_EXPORTS|TX:ENTC:DEC_LOSSES|TX:ENTC:LEAST_COST_SOLUTION|TX:ENTC:TARGET_CLEAN_HYDROGEN|TX:ENTC:TARGET_RENEWABLE_ELEC|TX:FGTV:DEC_LEAKS|TX:FGTV:INC_FLARE|TX:INEN:INC_EFFICIENCY_ENERGY|TX:INEN:INC_EFFICIENCY_PRODUCTION|TX:INEN:SHIFT_FUEL_HEAT|TX:IPPU:DEC_CLINKER|TX:IPPU:DEC_DEMAND|TX:IPPU:DEC_HFCS|TX:IPPU:DEC_N2O|TX:IPPU:DEC_OTHER_FCS|TX:IPPU:DEC_PFCS|TX:LNDU:BOUND_CLASSES|TX:LNDU:DEC_CLASS_LOSS|TX:LNDU:DEC_DEFORESTATION|TX:LNDU:DEC_SOC_LOSS_PASTURES|TX:LNDU:INC_REFORESTATION|TX:LNDU:INC_SILVOPASTURE|TX:LNDU:PLUR|TX:LSMM:INC_CAPTURE_BIOGAS|TX:LSMM:INC_MANAGEMENT_CATTLE_PIGS|TX:LSMM:INC_MANAGEMENT_OTHER|TX:LSMM:INC_MANAGEMENT_POULTRY|TX:LVST:DEC_ENTERIC_FERMENTATION|TX:LVST:DEC_EXPORTS|TX:LVST:INC_PRODUCTIVITY|TX:PFLO:INC_HEALTHIER_DIETS|TX:PFLO:INC_IND_CCS|TX:SCOE:DEC_DEMAND_HEAT|TX:SCOE:INC_EFFICIENCY_APPLIANCE|TX:SCOE:SHIFT_FUEL_HEAT|TX:SOIL:DEC_LIME_APPLIED|TX:SOIL:DEC_N_APPLIED|TX:TRDE:DEC_DEMAND|TX:TRNS:INC_EFFICIENCY_ELECTRIC|TX:TRNS:INC_EFFICIENCY_NON_ELECTRIC|TX:TRNS:INC_OCCUPANCY_LIGHT_DUTY|TX:TRNS:SHIFT_FUEL_LIGHT_DUTY|TX:TRNS:SHIFT_FUEL_MARITIME|TX:TRNS:SHIFT_FUEL_MEDIUM_DUTY|TX:TRNS:SHIFT_FUEL_RAIL|TX:TRNS:SHIFT_MODE_FREIGHT|TX:TRNS:SHIFT_MODE_PASSENGER|TX:TRNS:SHIFT_MODE_REGIONAL|TX:TRWW:INC_CAPTURE_BIOGAS|TX:TRWW:INC_COMPLIANCE_SEPTIC|TX:WALI:INC_TREATMENT_INDUSTRIAL|TX:WALI:INC_TREATMENT_RURAL|TX:WALI:INC_TREATMENT_URBAN|TX:WASO:DEC_CONSUMER_FOOD_WASTE|TX:WASO:INC_ANAEROBIC_AND_COMPOST|TX:WASO:INC_CAPTURE_BIOGAS|TX:WASO:INC_ENERGY_FROM_BIOGAS|TX:WASO:INC_ENERGY_FROM_INCINERATION|TX:WASO:INC_LANDFILLING|TX:WASO:INC_RECYCLING
6003,PFLO:1,1,Current actions,TX:TRDE:DEC_DEMAND_STRATEGY_1|TX:TRNS:INC_EFFICIENCY_ELECTRIC_STRATEGY_1
6004,PFLO:2,2,NDC 3,TX:AGRC:DEC_CH4_RICE_STRATEGY_2|TX:AGRC:DEC_EXPORTS_STRATEGY_2|TX:AGRC:DEC_LOSSES_SUPPLY_CHAIN_STRATEGY_2|TX:AGRC:INC_CONSERVATION_AGRICULTURE_STRATEGY_2|TX:ENTC:TARGET_RENEWABLE_ELEC_STRATEGY_2|TX:INEN:SHIFT_FUEL_HEAT_STRATEGY_2|TX:IPPU:DEC_CLINKER_STRATEGY_2|TX:IPPU:DEC_DEMAND_STRATEGY_2|TX:IPPU:DEC_HFCS_STRATEGY_2|TX:IPPU:DEC_N2O_STRATEGY_2|TX:IPPU:DEC_OTHER_FCS_STRATEGY_2|TX:IPPU:DEC_PFCS_STRATEGY_2|TX:LSMM:INC_CAPTURE_BIOGAS_STRATEGY_2|TX:LSMM:INC_MANAGEMENT_CATTLE_PIGS_STRATEGY_2|TX:LVST:DEC_ENTERIC_FERMENTATION_STRATEGY_2|TX:SOIL:DEC_LIME_APPLIED_STRATEGY_2|TX:SOIL:DEC_N_APPLIED_STRATEGY_2|TX:TRDE:DEC_DEMAND_STRATEGY_2|TX:TRNS:INC_EFFICIENCY_ELECTRIC_STRATEGY_2|TX:TRNS:INC_OCCUPANCY_LIGHT_DUTY_STRATEGY_2|TX:TRNS:SHIFT_FUEL_LIGHT_DUTY_STRATEGY_2|TX:TRNS:SHIFT_FUEL_MARITIME_STRATEGY_2|TX:TRNS:SHIFT_FUEL_MEDIUM_DUTY_STRATEGY_2|TX:TRNS:SHIFT_FUEL_RAIL_STRATEGY_2|TX:TRNS:SHIFT_MODE_FREIGHT_STRATEGY_2|TX:TRNS:SHIFT_MODE_PASSENGER_STRATEGY_2|TX:TRWW:INC_CAPTURE_BIOGAS_STRATEGY_2|TX:TRWW:INC_COMPLIANCE_SEPTIC_STRATEGY_2|TX:WALI:INC_TREATMENT_INDUSTRIAL_STRATEGY_2|TX:WALI:INC_TREATMENT_RURAL_STRATEGY_2|TX:WALI:INC_TREATMENT_URBAN_STRATEGY_2|TX:WASO:DEC_CONSUMER_FOOD_WASTE_STRATEGY_2|TX:WASO:INC_ANAEROBIC_AND_COMPOST_STRATEGY_2|TX:WASO:INC_CAPTURE_BIOGAS_STRATEGY_2|TX:WASO:INC_ENERGY_FROM_BIOGAS_STRATEGY_2|TX:WASO:INC_ENERGY_FROM_INCINERATION_STRATEGY_2|TX:WASO:INC_LANDFILLING_STRATEGY_2|TX:WASO:INC_RECYCLING_STRATEGY_2
6005,PFLO:3,3,NDC 3 + Low CCSQ,TX:AGRC:DEC_CH4_RICE_STRATEGY_3|TX:AGRC:DEC_EXPORTS_STRATEGY_3|TX:AGRC:DEC_LOSSES_SUPPLY_CHAIN_STRATEGY_3|TX:AGRC:INC_CONSERVATION_AGRICULTURE_STRATEGY_3|TX:ENFU:ADJ_EXPORTS_STRATEGY_3|TX:ENTC:TARGET_RENEWABLE_ELEC_STRATEGY_3|TX:INEN:SHIFT_FUEL_HEAT_STRATEGY_3|TX:IPPU:DEC_CLINKER_STRATEGY_3|TX:IPPU:DEC_DEMAND_STRATEGY_3|TX:LSMM:INC_CAPTURE_BIOGAS_STRATEGY_3|TX:LSMM:INC_MANAGEMENT_CATTLE_PIGS_STRATEGY_3|TX:LVST:DEC_ENTERIC_FERMENTATION_STRATEGY_3|TX:SOIL:DEC_LIME_APPLIED_STRATEGY_3|TX:SOIL:DEC_N_APPLIED_STRATEGY_3|TX:TRDE:DEC_DEMAND_STRATEGY_3|TX:TRNS:INC_EFFICIENCY_ELECTRIC_STRATEGY_3|TX:TRNS:INC_OCCUPANCY_LIGHT_DUTY_STRATEGY_3|TX:TRNS:SHIFT_FUEL_LIGHT_DUTY_STRATEGY_3|TX:TRNS:SHIFT_FUEL_MARITIME_STRATEGY_3|TX:TRNS:SHIFT_FUEL_MEDIUM_DUTY_STRATEGY_3|TX:TRNS:SHIFT_FUEL_RAIL_STRATEGY_3|TX:TRNS:SHIFT_MODE_FREIGHT_STRATEGY_3|TX:TRNS:SHIFT_MODE_PASSENGER_STRATEGY_3|TX:TRWW:INC_CAPTURE_BIOGAS_STRATEGY_3|TX:TRWW:INC_COMPLIANCE_SEPTIC_STRATEGY_3|TX:WALI:INC_TREATMENT_INDUSTRIAL_STRATEGY_3|TX:WALI:INC_TREATMENT_RURAL_STRATEGY_3|TX:WALI:INC_TREATMENT_URBAN_STRATEGY_3|TX:WASO:DEC_CONSUMER_FOOD_WASTE_STRATEGY_3|TX:WASO:INC_ANAEROBIC_AND_COMPOST_STRATEGY_3|TX:WASO:INC_CAPTURE_BIOGAS_STRATEGY_3|TX:WASO:INC_ENERGY_FROM_BIOGAS_STRATEGY_3|TX:WASO:INC_ENERGY_FROM_INCINERATION_STRATEGY_3|TX:WASO:INC_LANDFILLING_STRATEGY_3|TX:WASO:INC_RECYCLING_STRATEGY_3
6006,PFLO:4,4,NDC 3 + High CCSQ,TX:AGRC:DEC_CH4_RICE_STRATEGY_4|TX:AGRC:DEC_EXPORTS_STRATEGY_4|TX:AGRC:DEC_LOSSES_SUPPLY_CHAIN_STRATEGY_4|TX:AGRC:INC_CONSERVATION_AGRICULTURE_STRATEGY_4|TX:ENFU:ADJ_EXPORTS_STRATEGY_4|TX:ENTC:TARGET_RENEWABLE_ELEC_STRATEGY_4|TX:INEN:SHIFT_FUEL_HEAT_STRATEGY_4|TX:IPPU:DEC_CLINKER_STRATEGY_4|TX:IPPU:DEC_DEMAND_STRATEGY_4|TX:LSMM:INC_CAPTURE_BIOGAS_STRATEGY_4|TX:LSMM:INC_MANAGEMENT_CATTLE_PIGS_STRATEGY_4|TX:LVST:DEC_ENTERIC_FERMENTATION_STRATEGY_4|TX:SOIL:DEC_LIME_APPLIED_STRATEGY_4|TX:SOIL:DEC_N_APPLIED_STRATEGY_4|TX:TRDE:DEC_DEMAND_STRATEGY_4|TX:TRNS:INC_EFFICIENCY_ELECTRIC_STRATEGY_4|TX:TRNS:INC_OCCUPANCY_LIGHT_DUTY_STRATEGY_4|TX:TRNS:SHIFT_FUEL_LIGHT_DUTY_STRATEGY_4|TX:TRNS:SHIFT_FUEL_MARITIME_STRATEGY_4|TX:TRNS:SHIFT_FUEL_MEDIUM_DUTY_STRATEGY_4|TX:TRNS:SHIFT_FUEL_RAIL_STRATEGY_4|TX:TRNS:SHIFT_MODE_FREIGHT_STRATEGY_4|TX:TRNS:SHIFT_MODE_PASSENGER_STRATEGY_4|TX:TRWW:INC_CAPTURE_BIOGAS_STRATEGY_4|TX:TRWW:INC_COMPLIANCE_SEPTIC_STRATEGY_4|TX:WALI:INC_TREATMENT_INDUSTRIAL_STRATEGY_4|TX:WALI:INC_TREATMENT_RURAL_STRATEGY_4|TX:WALI:INC_TREATMENT_URBAN_STRATEGY_4|TX:WASO:DEC_CONSUMER_FOOD_WASTE_STRATEGY_4|TX:WASO:INC_ANAEROBIC_AND_COMPOST_STRATEGY_4|TX:WASO:INC_CAPTURE_BIOGAS_STRATEGY_4|TX:WASO:INC_ENERGY_FROM_BIOGAS_STRATEGY_4|TX:WASO:INC_ENERGY_FROM_INCINERATION_STRATEGY_4|TX:WASO:INC_LANDFILLING_STRATEGY_4|TX:WASO:INC_RECYCLING_STRATEGY_4
6007,PFLO:5,5,NDC 3 + High gas price,TX:AGRC:DEC_CH4_RICE_STRATEGY_5|TX:AGRC:DEC_EXPORTS_STRATEGY_5|TX:AGRC:DEC_LOSSES_SUPPLY_CHAIN_STRATEGY_5|TX:AGRC:INC_CONSERVATION_AGRICULTURE_STRATEGY_5|TX:ENFU:ADJ_EXPORTS_STRATEGY_5|TX:ENTC:TARGET_RENEWABLE_ELEC_STRATEGY_5|TX:INEN:SHIFT_FUEL_HEAT_STRATEGY_5|TX:IPPU:DEC_CLINKER_STRATEGY_5|TX:IPPU:DEC_DEMAND_STRATEGY_5|TX:LSMM:INC_CAPTURE_BIOGAS_STRATEGY_5|TX:LSMM:INC_MANAGEMENT_CATTLE_PIGS_STRATEGY_5|TX:LVST:DEC_ENTERIC_FERMENTATION_STRATEGY_5|TX:SOIL:DEC_LIME_APPLIED_STRATEGY_5|TX:SOIL:DEC_N_APPLIED_STRATEGY_5|TX:TRDE:DEC_DEMAND_STRATEGY_5|TX:TRNS:INC_EFFICIENCY_ELECTRIC_STRATEGY_5|TX:TRNS:INC_OCCUPANCY_LIGHT_DUTY_STRATEGY_5|TX:TRNS:SHIFT_FUEL_LIGHT_DUTY_STRATEGY_5|TX:TRNS:SHIFT_FUEL_MARITIME_STRATEGY_5|TX:TRNS:SHIFT_FUEL_MEDIUM_DUTY_STRATEGY_5|TX:TRNS:SHIFT_FUEL_RAIL_STRATEGY_5|TX:TRNS:SHIFT_MODE_FREIGHT_STRATEGY_5|TX:TRNS:SHIFT_MODE_PASSENGER_STRATEGY_5|TX:TRWW:INC_CAPTURE_BIOGAS_STRATEGY_5|TX:TRWW:INC_COMPLIANCE_SEPTIC_STRATEGY_5|TX:WALI:INC_TREATMENT_INDUSTRIAL_STRATEGY_5|TX:WALI:INC_TREATMENT_RURAL_STRATEGY_5|TX:WALI:INC_TREATMENT_URBAN_STRATEGY_5|TX:WASO:DEC_CONSUMER_FOOD_WASTE_STRATEGY_5|TX:WASO:INC_ANAEROBIC_AND_COMPOST_STRATEGY_5|TX:WASO:INC_CAPTURE_BIOGAS_STRATEGY_5|TX:WASO:INC_ENERGY_FROM_BIOGAS_STRATEGY_5|TX:WASO:INC_ENERGY_FROM_INCINERATION_STRATEGY_5|TX:WASO:INC_LANDFILLING_STRATEGY_5|TX:WASO:INC_RECYCLING_STRATEGY_5
6008,PFLO:NDC_ALL_2,"All Actions as base, reflecting NDC3-2",All actions (unique by transformer) NDC3-2,TX:AGRC:DEC_CH4_RICE|TX:AGRC:DEC_EXPORTS|TX:AGRC:DEC_LOSSES_SUPPLY_CHAIN|TX:AGRC:INC_CONSERVATION_AGRICULTURE|TX:AGRC:INC_PRODUCTIVITY|TX:ENTC:DEC_LOSSES|TX:ENTC:TARGET_CLEAN_HYDROGEN|TX:ENTC:TARGET_RENEWABLE_ELEC_STRATEGY_2|TX:FGTV:DEC_LEAKS|TX:FGTV:INC_FLARE|TX:INEN:INC_EFFICIENCY_ENERGY|TX:INEN:INC_EFFICIENCY_PRODUCTION|TX:INEN:SHIFT_FUEL_HEAT|TX:IPPU:DEC_CLINKER|TX:IPPU:DEC_DEMAND|TX:IPPU:DEC_HFCS|TX:IPPU:DEC_N2O|TX:IPPU:DEC_OTHER_FCS|TX:IPPU:DEC_PFCS|TX:LNDU:BOUND_CLASSES|TX:LNDU:DEC_CLASS_LOSS|TX:LNDU:DEC_DEFORESTATION|TX:LNDU:DEC_SOC_LOSS_PASTURES|TX:LNDU:INC_REFORESTATION|TX:LNDU:INC_SILVOPASTURE|TX:LNDU:PLUR|TX:LSMM:INC_CAPTURE_BIOGAS|TX:LSMM:INC_MANAGEMENT_CATTLE_PIGS|TX:LSMM:INC_MANAGEMENT_OTHER|TX:LSMM:INC_MANAGEMENT_POULTRY|TX:LVST:DEC_ENTERIC_FERMENTATION|TX:LVST:DEC_EXPORTS|TX:LVST:INC_PRODUCTIVITY|TX:PFLO:INC_HEALTHIER_DIETS|TX:PFLO:INC_IND_CCS|TX:SCOE:DEC_DEMAND_HEAT|TX:SCOE:INC_EFFICIENCY_APPLIANCE|TX:SCOE:SHIFT_FUEL_HEAT|TX:SOIL:DEC_LIME_APPLIED|TX:SOIL:DEC_N_APPLIED|TX:TRDE:DEC_DEMAND|TX:TRNS:INC_EFFICIENCY_ELECTRIC|TX:TRNS:INC_EFFICIENCY_NON_ELECTRIC|TX:TRNS:INC_OCCUPANCY_LIGHT_DUTY|TX:TRNS:SHIFT_FUEL_LIGHT_DUTY|TX:TRNS:SHIFT_FUEL_MARITIME|TX:TRNS:SHIFT_FUEL_MEDIUM_DUTY|TX:TRNS:SHIFT_FUEL_RAIL|TX:TRNS:SHIFT_MODE_FREIGHT|TX:TRNS:SHIFT_MODE_PASSENGER|TX:TRNS:SHIFT_MODE_REGIONAL|TX:TRWW:INC_CAPTURE_BIOGAS|TX:TRWW:INC_COMPLIANCE_SEPTIC|TX:WALI:INC_TREATMENT_INDUSTRIAL|TX:WALI:INC_TREATMENT_RURAL|TX:WALI:INC_TREATMENT_URBAN|TX:WASO:DEC_CONSUMER_FOOD_WASTE|TX:WASO:INC_ANAEROBIC_AND_COMPOST|TX:WASO:INC_CAPTURE_BIOGAS|TX:WASO:INC_ENERGY_FROM_BIOGAS|TX:WASO:INC_ENERGY_FROM_INCINERATION|TX:WASO:INC_LANDFILLING|TX:WASO:INC_RECYCLING
6009,PFLO:NDC_ALL_3,"All Actions as base, reflecting NDC3-3",All actions (unique by transformer) NDC3-3,TX:AGRC:DEC_CH4_RICE|TX:AGRC:DEC_EXPORTS|TX:AGRC:DEC_LOSSES_SUPPLY_CHAIN|TX:AGRC:INC_CONSERVATION_AGRICULTURE|TX:AGRC:INC_PRODUCTIVITY|TX:ENFU:ADJ_EXPORTS_STRATEGY_3|TX:ENTC:DEC_LOSSES|TX:ENTC:TARGET_CLEAN_HYDROGEN|TX:ENTC:TARGET_RENEWABLE_ELEC_STRATEGY_3|TX:FGTV:DEC_LEAKS|TX:FGTV:INC_FLARE|TX:INEN:INC_EFFICIENCY_ENERGY|TX:INEN:INC_EFFICIENCY_PRODUCTION|TX:INEN:SHIFT_FUEL_HEAT|TX:IPPU:DEC_CLINKER|TX:IPPU:DEC_DEMAND|TX:IPPU:DEC_HFCS|TX:IPPU:DEC_N2O|TX:IPPU:DEC_OTHER_FCS|TX:IPPU:DEC_PFCS|TX:LNDU:BOUND_CLASSES|TX:LNDU:DEC_CLASS_LOSS|TX:LNDU:DEC_DEFORESTATION|TX:LNDU:DEC_SOC_LOSS_PASTURES|TX:LNDU:INC_REFORESTATION|TX:LNDU:INC_SILVOPASTURE|TX:LNDU:PLUR|TX:LSMM:INC_CAPTURE_BIOGAS|TX:LSMM:INC_MANAGEMENT_CATTLE_PIGS|TX:LSMM:INC_MANAGEMENT_OTHER|TX:LSMM:INC_MANAGEMENT_POULTRY|TX:LVST:DEC_ENTERIC_FERMENTATION|TX:LVST:DEC_EXPORTS|TX:LVST:INC_PRODUCTIVITY|TX:PFLO:INC_HEALTHIER_DIETS|TX:PFLO:INC_IND_CCS|TX:SCOE:DEC_DEMAND_HEAT|TX:SCOE:INC_EFFICIENCY_APPLIANCE|TX:SCOE:SHIFT_FUEL_HEAT|TX:SOIL:DEC_LIME_APPLIED|TX:SOIL:DEC_N_APPLIED|TX:TRDE:DEC_DEMAND|TX:TRNS:INC_EFFICIENCY_ELECTRIC|TX:TRNS:INC_EFFICIENCY_NON_ELECTRIC|TX:TRNS:INC_OCCUPANCY_LIGHT_DUTY|TX:TRNS:SHIFT_FUEL_LIGHT_DUTY|TX:TRNS:SHIFT_FUEL_MARITIME|TX:TRNS:SHIFT_FUEL_MEDIUM_DUTY|TX:TRNS:SHIFT_FUEL_RAIL|TX:TRNS:SHIFT_MODE_FREIGHT|TX:TRNS:SHIFT_MODE_PASSENGER|TX:TRNS:SHIFT_MODE_REGIONAL|TX:TRWW:INC_CAPTURE_BIOGAS|TX:TRWW:INC_COMPLIANCE_SEPTIC|TX:WALI:INC_TREATMENT_INDUSTRIAL|TX:WALI:INC_TREATMENT_RURAL|TX:WALI:INC_TREATMENT_URBAN|TX:WASO:DEC_CONSUMER_FOOD_WASTE|TX:WASO:INC_ANAEROBIC_AND_COMPOST|TX:WASO:INC_CAPTURE_BIOGAS|TX:WASO:INC_ENERGY_FROM_BIOGAS|TX:WASO:INC_ENERGY_FROM_INCINERATION|TX:WASO:INC_LANDFILLING|TX:WASO:INC_RECYCLING
6010,PFLO:NDC_ALL_4,"All Actions as base, reflecting NDC3-4",All actions (unique by transformer) NDC3-4,TX:AGRC:DEC_CH4_RICE|TX:AGRC:DEC_EXPORTS|TX:AGRC:DEC_LOSSES_SUPPLY_CHAIN|TX:AGRC:INC_CONSERVATION_AGRICULTURE|TX:AGRC:INC_PRODUCTIVITY|TX:ENFU:ADJ_EXPORTS_STRATEGY_4|TX:ENTC:DEC_LOSSES|TX:ENTC:TARGET_CLEAN_HYDROGEN|TX:ENTC:TARGET_RENEWABLE_ELEC_STRATEGY_4|TX:FGTV:DEC_LEAKS|TX:FGTV:INC_FLARE|TX:INEN:INC_EFFICIENCY_ENERGY|TX:INEN:INC_EFFICIENCY_PRODUCTION|TX:INEN:SHIFT_FUEL_HEAT|TX:IPPU:DEC_CLINKER|TX:IPPU:DEC_DEMAND|TX:IPPU:DEC_HFCS|TX:IPPU:DEC_N2O|TX:IPPU:DEC_OTHER_FCS|TX:IPPU:DEC_PFCS|TX:LNDU:BOUND_CLASSES|TX:LNDU:DEC_CLASS_LOSS|TX:LNDU:DEC_DEFORESTATION|TX:LNDU:DEC_SOC_LOSS_PASTURES|TX:LNDU:INC_REFORESTATION|TX:LNDU:INC_SILVOPASTURE|TX:LNDU:PLUR|TX:LSMM:INC_CAPTURE_BIOGAS|TX:LSMM:INC_MANAGEMENT_CATTLE_PIGS|TX:LSMM:INC_MANAGEMENT_OTHER|TX:LSMM:INC_MANAGEMENT_POULTRY|TX:LVST:DEC_ENTERIC_FERMENTATION|TX:LVST:DEC_EXPORTS|TX:LVST:INC_PRODUCTIVITY|TX:PFLO:INC_HEALTHIER_DIETS|TX:PFLO:INC_IND_CCS|TX:SCOE:DEC_DEMAND_HEAT|TX:SCOE:INC_EFFICIENCY_APPLIANCE|TX:SCOE:SHIFT_FUEL_HEAT|TX:SOIL:DEC_LIME_APPLIED|TX:SOIL:DEC_N_APPLIED|TX:TRDE:DEC_DEMAND|TX:TRNS:INC_EFFICIENCY_ELECTRIC|TX:TRNS:INC_EFFICIENCY_NON_ELECTRIC|TX:TRNS:INC_OCCUPANCY_LIGHT_DUTY|TX:TRNS:SHIFT_FUEL_LIGHT_DUTY|TX:TRNS:SHIFT_FUEL_MARITIME|TX:TRNS:SHIFT_FUEL_MEDIUM_DUTY|TX:TRNS:SHIFT_FUEL_RAIL|TX:TRNS:SHIFT_MODE_FREIGHT|TX:TRNS:SHIFT_MODE_PASSENGER|TX:TRNS:SHIFT_MODE_REGIONAL|TX:TRWW:INC_CAPTURE_BIOGAS|TX:TRWW:INC_COMPLIANCE_SEPTIC|TX:WALI:INC_TREATMENT_INDUSTRIAL|TX:WALI:INC_TREATMENT_RURAL|TX:WALI:INC_TREATMENT_URBAN|TX:WASO:DEC_CONSUMER_FOOD_WASTE|TX:WASO:INC_ANAEROBIC_AND_COMPOST|TX:WASO:INC_CAPTURE_BIOGAS|TX:WASO:INC_ENERGY_FROM_BIOGAS|TX:WASO:INC_ENERGY_FROM_INCINERATION|TX:WASO:INC_LANDFILLING|TX:WASO:INC_RECYCLING
6011,PFLO:NDC_ALL_5,"All Actions as base, reflecting NDC3-5",All actions (unique by transformer) NDC3-5,TX:AGRC:DEC_CH4_RICE|TX:AGRC:DEC_EXPORTS|TX:AGRC:DEC_LOSSES_SUPPLY_CHAIN|TX:AGRC:INC_CONSERVATION_AGRICULTURE|TX:AGRC:INC_PRODUCTIVITY|TX:ENFU:ADJ_EXPORTS_STRATEGY_5|TX:ENTC:DEC_LOSSES|TX:ENTC:TARGET_CLEAN_HYDROGEN|TX:ENTC:TARGET_RENEWABLE_ELEC_STRATEGY_5|TX:FGTV:DEC_LEAKS|TX:FGTV:INC_FLARE|TX:INEN:INC_EFFICIENCY_ENERGY|TX:INEN:INC_EFFICIENCY_PRODUCTION|TX:INEN:SHIFT_FUEL_HEAT|TX:IPPU:DEC_CLINKER|TX:IPPU:DEC_DEMAND|TX:IPPU:DEC_HFCS|TX:IPPU:DEC_N2O|TX:IPPU:DEC_OTHER_FCS|TX:IPPU:DEC_PFCS|TX:LNDU:BOUND_CLASSES|TX:LNDU:DEC_CLASS_LOSS|TX:LNDU:DEC_DEFORESTATION|TX:LNDU:DEC_SOC_LOSS_PASTURES|TX:LNDU:INC_REFORESTATION|TX:LNDU:INC_SILVOPASTURE|TX:LNDU:PLUR|TX:LSMM:INC_CAPTURE_BIOGAS|TX:LSMM:INC_MANAGEMENT_CATTLE_PIGS|TX:LSMM:INC_MANAGEMENT_OTHER|TX:LSMM:INC_MANAGEMENT_POULTRY|TX:LVST:DEC_ENTERIC_FERMENTATION|TX:LVST:DEC_EXPORTS|TX:LVST:INC_PRODUCTIVITY|TX:PFLO:INC_HEALTHIER_DIETS|TX:PFLO:INC_IND_CCS|TX:SCOE:DEC_DEMAND_HEAT|TX:SCOE:INC_EFFICIENCY_APPLIANCE|TX:SCOE:SHIFT_FUEL_HEAT|TX:SOIL:DEC_LIME_APPLIED|TX:SOIL:DEC_N_APPLIED|TX:TRDE:DEC_DEMAND|TX:TRNS:INC_EFFICIENCY_ELECTRIC|TX:TRNS:INC_EFFICIENCY_NON_ELECTRIC|TX:TRNS:INC_OCCUPANCY_LIGHT_DUTY|TX:TRNS:SHIFT_FUEL_LIGHT_DUTY|TX:TRNS:SHIFT_FUEL_MARITIME|TX:TRNS:SHIFT_FUEL_MEDIUM_DUTY|TX:TRNS:SHIFT_FUEL_RAIL|TX:TRNS:SHIFT_MODE_FREIGHT|TX:TRNS:SHIFT_MODE_PASSENGER|TX:TRNS:SHIFT_MODE_REGIONAL|TX:TRWW:INC_CAPTURE_BIOGAS|TX:TRWW:INC_COMPLIANCE_SEPTIC|TX:WALI:INC_TREATMENT_INDUSTRIAL|TX:WALI:INC_TREATMENT_RURAL|TX:WALI:INC_TREATMENT_URBAN|TX:WASO:DEC_CONSUMER_FOOD_WASTE|TX:WASO:INC_ANAEROBIC_AND_COMPOST|TX:WASO:INC_CAPTURE_BIOGAS|TX:WASO:INC_ENERGY_FROM_BIOGAS|TX:WASO:INC_ENERGY_FROM_INCINERATION|TX:WASO:INC_LANDFILLING|TX:WASO:INC_RECYCLING